"","images","animaltype","feature_mean_color","feature_mean_red","feature_mean_green","feature_mean_blue","feature_mean_gradient","feature_mean_gradient_channel1","feature_mean_gradient_channel2","feature_mean_gradient_channel3","feature_numberOfLittleObjects","feature_numberOfMediumObjects","feature_detectedStrongEdges","feature_detectedWeakEdges","feature_numberOfStringPixelsForEdges"
"1","cat.0.jpg",0,0.569014948843659,1,0.674116874423927,0,0,0,0,0,0.715789473684211,0.216687422166874,0.10648518815052,0.106896551724138,0.656474820143885
"2","cat.1.jpg",0,0,0,0,0.262648793440868,0.778488930877691,0.791319665711288,0.765210887828665,0.778410709562874,0,0.0921544209215442,0.301040832666133,0.287068965517241,0.296762589928058
"3","cat.2.jpg",0,0.709824279555071,0.380564652132484,0.655044853753796,0.702765783037174,1,1,1,1,0.407017543859649,0,0.0936749399519616,0.0982758620689655,0.111510791366906
"4","cat.3.jpg",0,1,0.602436748517201,1,0.787061309797962,0.724383062626468,0.723144597327117,0.709339471989023,0.740646129758752,0.733333333333333,0.718555417185554,0.475580464371497,0.469827586206897,0.766187050359712
"5","dog.0.jpg",1,0.531442480522429,0.501706033461501,0.363943937023847,0.576620703301015,0.728410354084155,0.769405908999122,0.674823525598039,0.740098128127696,0.905263157894737,0.290161892901619,0.385908726981585,0.391379310344828,0.428057553956835
"6","dog.1.jpg",1,0.72771598304582,0.124037341439146,0.77122055909377,1,0.730802648286949,0.731135651771932,0.71743556167614,0.743810938390157,0.891228070175439,1,0.191353082465973,0.192241379310345,0.246402877697842
"7","dog.2.jpg",1,0.838666390160834,0.309039820727377,0.818098158132185,0.819000999299991,0.668329785004782,0.663438880396802,0.647266868815382,0.694354426883737,0.831578947368421,0.0797011207970112,0,0,0
"8","dog.3.jpg",1,0.681239195538954,0.469713502276138,0.693259749696411,0.668116011911789,0.640725205931693,0.638809596129035,0.631229726596322,0.652105070883331,1,0.484433374844334,1,1,1
