"","feature_mean_color","feature_mean_red","feature_mean_green","feature_mean_blue","feature_mean_gradient","feature_mean_gradient_channel1","feature_mean_gradient_channel2","feature_mean_gradient_channel3","feature_numberOfLittleObjects","feature_numberOfMediumObjects","feature_detectedStrongEdges","feature_detectedWeakEdges","feature_numberOfStringPixelsForEdges"
"1",0.0250664209431188,0.0579884651440838,0.0325677480063229,0.00811973946916104,0,0,0,0,0.015511892450879,0,0,0,0.000962927298988926
"2",0.998333810814289,0.998201999438962,1,0.99999710672051,0.867005225267994,0.89865161599989,0.878771980839618,0.872902004546043,1,0.952674524025385,0.798240444519279,0.777985656376676,0.602311025517573
